De,re,a
2.1521188602564507,2.5707789004826767,1.3851989882242803
