De,re,a
1.7614979172504377,2.717200947812188,0.9265284626307986
