De,re,a
7.578228828294186,2.11966712109882,1.3371964522054816
