De,re,a
2.6960260306163946,2.5140665028651044,1.5257487412205246
