De,re,a
0.0004442258771177876,3.84309201652634,3.5446399683898746
