De,re,a
3.368500061038077,1.649735582174622,1.5945556336921671
