De,re,a
0.39777848992901,2.4244308709585782,1.544523037101707
