De,re,a
5.578866253649721,2.6535361962594735,1.184670220406757
