De,re,a
2.963912057813559,2.311608082821391,1.5657510411343754
