De,re,a
0.1,3.991548434587635,1.2747342579847605
