De,re,a
8.928283649952903,1.285943211152638,1.8923342241917613
