De,re,a
0.015042998421904485,3.4727848356127615,2.077974427646082
