De,re,a
3.5160668632204306,2.004347407676081,1.6652849974120398
