De,re,a
4.67185021212299,1.964716770552454,1.4154205898698633
