De,re,a
11.58730029077924,1.6008412868525523,1.9547652850929227
