De,re,a
1.098849101980477,4.979692434630923,0.40237554723482544
