De,re,a
2.774711971071156,2.2178539292118344,1.3847642126468944
