De,re,a
6.402659128215419,1.81011052103619,1.5529935893674451
