De,re,a
3.6432021322634682,1.4188588156139454,2.219590627924294
