De,re,a
1.6510934328471194,2.7378336944453006,0.8621823776627794
