De,re,a
4.157773523691503,2.3727251798942035,1.0358588216720575
