De,re,a
4.192775393477859,2.5371590566947195,1.0863581552926311
