De,re,a
0.01180783673771657,3.5779767840937735,2.060868867470469
