De,re,a
6.732701811539783,0.7614639924020183,1.7367588425201383
