De,re,a
2.6331885456104374,2.6867968589267246,1.417685367688103
