De,re,a
1.5490213469583978,3.2170311131160445,0.7177523676777505
