De,re,a
6.728379010755816,2.1830145924238833,1.5553510298399222
