De,re,a
1.126962681508303,5.12163519620567,0.2176308330089267
