De,re,a
1.453197675586864,2.7645053308924132,0.6796564069871709
