De,re,a
0.03569344716242995,3.4492456125675117,1.7911779596744026
