De,re,a
9.103569466565204,1.656903572349913,1.916818749202337
