De,re,a
13.169322110082703,1.919004825183901,1.65098002560659
