De,re,a
1.2383167072266588,3.184837758549152,0.5845379654170871
