De,re,a
9.848412994461341,2.063386365337922,1.4153452990226003
