De,re,a
3.506048855399058,2.098291896144324,1.3895397066157849
