De,re,a
16.697591103024024,1.1082134137950774,2.214652092643978
