De,re,a
8.778269183597558,1.226336376471405,2.2172265078766884
