De,re,a
3.316150796605143,2.9261141381109703,0.9213483335663695
