De,re,a
0.9599276292510694,2.515340512428984,1.717878325349455
