De,re,a
9.018764637793254,1.9027872679625917,1.450215789520601
