De,re,a
4.212570180185139,2.3314659554431687,1.5856453425207302
