De,re,a
1.130707240339234,4.951020493956221,0.32086457132660207
