De,re,a
7.581004117554585,1.988096274966681,1.6939044002555237
