De,re,a
6.132252510331455,2.503536781100963,1.2230629013921483
