De,re,a
1.8565447035521174,2.340434077659902,1.3020497117065355
