De,re,a
5.280688103358671,2.195647639917204,1.4406063282898696
