De,re,a
4.637231206538047,2.224004134334064,1.0986666313221523
