De,re,a
3.5337413387287597,2.7810813174029376,0.9489394785938129
