De,re,a
0.1,4.7701011671472004,0.9568167062423082
