De,re,a
6.422069418037154,1.9118831155230191,1.5737636711101057
