De,re,a
7.300837047617733,2.176779860951874,1.5095151389452934
