De,re,a
11.048488452452148,1.9385454477272797,1.654346278863517
