De,re,a
4.349228073767108,2.5969267245874708,1.3006426828440867
