De,re,a
5.479429862611596,1.914984609250392,1.5518725161883213
