De,re,a
1.5149235754738584,3.377753665335456,0.6832328418839089
