De,re,a
8.840118215006441,1.7267844407913593,1.6654687117774258
