De,re,a
10.734592461366447,2.032152078560556,1.6567826173265585
