De,re,a
1.7644647746687951,2.6952478199083645,1.226853739764496
