De,re,a
0.04319100035354495,3.139440725665046,1.7265406886440915
