De,re,a
5.760336538020965,2.2616191557257115,1.359526552565785
